<?xml version="1.0" encoding="UTF-8"?>
<project-private xmlns="http://www.netbeans.org/ns/project-private/1">
    <editor-bookmarks xmlns="http://www.netbeans.org/ns/editor-bookmarks/2" lastBookmarkId="0"/>
    <open-files xmlns="http://www.netbeans.org/ns/projectui-open-files/2">
        <group>
            <file>file:/C:/Users/MARIA%20ISABEL%20ZULETA/Documents/NetBeansProjects/GestionEmpleados/src/Empleado.java</file>
            <file>file:/C:/Users/MARIA%20ISABEL%20ZULETA/Documents/NetBeansProjects/GestionEmpleados/src/Departamento.java</file>
            <file>file:/C:/Users/MARIA%20ISABEL%20ZULETA/Documents/NetBeansProjects/GestionEmpleados/src/ReporteDesempeño.java</file>
            <file>file:/C:/Users/MARIA%20ISABEL%20ZULETA/Documents/NetBeansProjects/GestionEmpleados/src/Main.java</file>
            <file>file:/C:/Users/MARIA%20ISABEL%20ZULETA/Documents/NetBeansProjects/GestionEmpleados/src/EmpleadoPermanente.java</file>
            <file>file:/C:/Users/MARIA%20ISABEL%20ZULETA/Documents/NetBeansProjects/GestionEmpleados/src/EmpleadoTemporal.java</file>
        </group>
    </open-files>
</project-private>
